Handle,Title,Vendor,Type,Tags,Published,Option1 Name,Option1 Value,Variant SKU,Variant Grams,Variant Inventory Tracker,Variant Inventory Qty,Variant Inventory Policy,Variant Fulfillment Service,Variant Price,Variant Requires Shipping,Variant Taxable,Status,SEO Title,SEO Description,Cost per item,Image Src,Planned Qty
signal-k-gateway-kit,Signal K Gateway Kit,Nautic Controls,Kit,"kit,gateway,signal-k,hat-labs,sh-esp32,nmea2000",FALSE,Title,Default Title,KIT-GATEWAY-ESP32,400,shopify,0,deny,manual,89.99,TRUE,TRUE,draft,Signal K Gateway Kit | Nautic Controls,US-stocked SH-ESP32 gateway kit with enclosure and NMEA 2000 M12 connector. Ships from Florida.,33.07,https://cdn.shopify.com/s/files/1/0671/2832/8476/files/PC230264.jpg?v=1767617100,0
engine-monitoring-kit,Engine Monitoring Kit,Nautic Controls,Kit,"kit,engine,halmet,signal-k,hat-labs,nmea2000",FALSE,Title,Default Title,KIT-ENGINE-HALMET,500,shopify,0,deny,manual,169.99,TRUE,TRUE,draft,Engine Monitoring Kit | Nautic Controls,US-stocked HALMET engine kit with enclosure and SP13 power. Analog gauges to Signal K.,40.67,https://cdn.shopify.com/s/files/1/0671/2832/8476/files/PC230251.jpg?v=1767617273,0
sh-esp32,SH-ESP32 Development Board,Nautic Controls,Board,"board,sh-esp32,hat-labs,signal-k,nmea2000",FALSE,Title,Default Title,DEV-SHESP32-2,80,shopify,0,deny,manual,49.00,TRUE,TRUE,draft,SH-ESP32 Board | Nautic Controls,Hat Labs SH-ESP32 developer board. US stock via Nautic Controls in Florida.,20.88,https://cdn.shopify.com/s/files/1/0671/2832/8476/files/PC230264.jpg?v=1767617100,20
halmet,HALMET Engine & Tank Interface,Nautic Controls,Board,"board,halmet,hat-labs,signal-k,nmea2000,engine",FALSE,Title,Default Title,DEV-HALMET-1,100,shopify,0,deny,manual,59.00,TRUE,TRUE,draft,HALMET Board | Nautic Controls,Hat Labs HALMET engine and tank I/O board. US stock via Nautic Controls.,25.70,https://cdn.shopify.com/s/files/1/0671/2832/8476/files/PC230251.jpg?v=1767617273,12
sh-rpi,SH-RPi Sailor Hat for Raspberry Pi,Nautic Controls,Board,"board,sh-rpi,hat-labs,signal-k,raspberry-pi",FALSE,Title,Default Title,MOD-SHRPI-2,120,shopify,0,deny,manual,79.00,TRUE,TRUE,draft,SH-RPi Board | Nautic Controls,Hat Labs SH-RPi with supercap safe shutdown. US stock via Nautic Controls.,38.54,https://cdn.shopify.com/s/files/1/0671/2832/8476/products/PXL_20230302_165130644.jpg?v=1678042217,8
halpi2-4gb-256,HALPI2 Computer (4GB / 256GB),Nautic Controls,Computer,"halpi2,signal-k,hat-labs,cm5,computer",FALSE,Title,Default Title,COM-HALPI2-04-256,800,shopify,0,deny,manual,449.00,TRUE,TRUE,draft,HALPI2 4GB/256GB | Nautic Controls,Factory HALPI2 marine CM5 / Signal K server. US stock via Nautic Controls.,323.94,https://cdn.shopify.com/s/files/1/0671/2832/8476/files/P6300168.jpg?v=1755944302,2
enclosure-pw100,Waterproof Enclosure 100×68×50 mm,Nautic Controls,Accessory,"enclosure,spare,hat-labs,pw100",FALSE,Title,Default Title,ECK-PW100-FH,150,shopify,0,deny,manual,19.99,TRUE,TRUE,draft,Waterproof Enclosure PW100 | Nautic Controls,Hat Labs ECK-PW100-FH enclosure spare. US stock.,7.67,https://cdn.shopify.com/s/files/1/0671/2832/8476/files/PC100239.jpg?v=1765453239,20
enclosure-pw158,Waterproof Enclosure 158×90×60 mm,Nautic Controls,Accessory,"enclosure,spare,hat-labs,pw158",FALSE,Title,Default Title,ECK-PW158-H,200,shopify,0,deny,manual,24.99,TRUE,TRUE,draft,Waterproof Enclosure PW158 | Nautic Controls,Hat Labs ECK-PW158-H enclosure spare. US stock.,10.23,https://cdn.shopify.com/s/files/1/0671/2832/8476/files/PC110247.jpg?v=1765455426,6
n2k-m12-pigtail,NMEA 2000 M12 Panel Pigtail Connector,Nautic Controls,Accessory,"connector,nmea2000,spare,hat-labs,m12",FALSE,Title,Default Title,CX-M12-PM5A-PW200,50,shopify,0,deny,manual,18.99,TRUE,TRUE,draft,NMEA 2000 M12 Panel Connector | Nautic Controls,Hat Labs N2K M12 male panel connector with pigtails. US stock.,4.52,https://cdn.shopify.com/s/files/1/0671/2832/8476/files/P9110003.jpg?v=1726045479,20
sp13-cf2-pigtail,SP13 2-Pin Power Pigtail Pair,Nautic Controls,Accessory,"connector,sp13,spare,hat-labs",FALSE,Title,Default Title,CXP-SP13-CF2-PW200,40,shopify,0,deny,manual,16.99,TRUE,TRUE,draft,SP13 2-Pin Power Pigtail | Nautic Controls,Hat Labs SP13 CF2 power pigtail connector pair. US stock.,4.74,https://cdn.shopify.com/s/files/1/0671/2832/8476/files/P4110144.jpg?v=1744703927,8
sp13-cf5-pigtail,SP13 5-Pin Female Pigtail Pair,Nautic Controls,Accessory,"connector,sp13,spare,hat-labs",FALSE,Title,Default Title,CXP-SP13-CF5-PW200,40,shopify,0,deny,manual,16.99,TRUE,TRUE,draft,SP13 5-Pin Female Pigtail | Nautic Controls,Hat Labs SP13 CF5 pigtail connector pair. US stock.,4.74,https://cdn.shopify.com/s/files/1/0671/2832/8476/files/P4100137.jpg?v=1744706756,5
sp13-cm4-pigtail,SP13 4-Pin Male Pigtail Pair,Nautic Controls,Accessory,"connector,sp13,spare,hat-labs",FALSE,Title,Default Title,CXP-SP13-CM4-PW200,40,shopify,0,deny,manual,16.99,TRUE,TRUE,draft,SP13 4-Pin Male Pigtail | Nautic Controls,Hat Labs SP13 CM4 pigtail connector pair. US stock.,4.74,https://cdn.shopify.com/s/files/1/0671/2832/8476/files/P4100127m.jpg?v=1744706454,5
